ticket_id,client,service,logged_date,status,time_spent,assignee,logger
1000,D,D1,2024-12-24 06:16:00 UTC,awaiting_response,2,member4,user4
1001,E,A1,2024-12-28 02:31:00 UTC,awaiting_response,8,member3,user2
1002,E,D1,2024-12-26 15:38:00 UTC,assigned,6,member3,user3
1003,C,C1,2024-12-30 04:19:00 UTC,awaiting_response,1,member4,user1
1004,B,C1,2024-12-28 15:08:00 UTC,assigned,8,member3,user1
1005,A,A1,2025-01-13 08:57:00 UTC,assigned,1,member2,user4
1006,E,C1,2024-12-21 14:37:00 UTC,assigned,3,member4,user2
1007,C,C1,2025-01-06 03:35:00 UTC,assigned,8,member1,user1
1008,E,B1,2024-12-23 20:25:00 UTC,closed,5,member4,user4
1009,C,E1,2025-01-14 18:42:00 UTC,closed,1,member1,user2
1010,A,B1,2025-01-13 23:57:00 UTC,awaiting_response,5,member4,user3
1011,A,C1,2025-01-01 03:31:00 UTC,closed,5,member1,user4
1012,E,D1,2024-12-30 14:32:00 UTC,awaiting_response,5,member4,user2
1013,A,B1,2024-12-29 03:18:00 UTC,assigned,7,member1,user3
1014,C,D1,2024-12-30 22:01:00 UTC,closed,2,member4,user1
1015,C,B1,2024-12-24 17:40:00 UTC,assigned,5,member1,user2
1016,A,A1,2025-01-07 03:47:00 UTC,closed,1,member2,user1
1017,E,E1,2025-01-02 04:39:00 UTC,assigned,2,member4,user3
1018,B,D1,2024-12-24 01:08:00 UTC,closed,3,member4,user2
1019,A,A1,2025-01-05 00:41:00 UTC,assigned,8,member3,user4
1020,A,C1,2025-01-13 04:38:00 UTC,assigned,4,member3,user3
1021,D,D1,2025-01-10 04:23:00 UTC,closed,6,member1,user4
1022,E,F1,2025-01-12 08:26:00 UTC,assigned,2,member3,user4
1023,B,F1,2024-12-27 10:17:00 UTC,closed,3,member1,user2
1024,E,E1,2025-01-01 14:28:00 UTC,assigned,2,member2,user1
1025,C,E1,2025-01-14 15:24:00 UTC,awaiting_response,8,member2,user2
1026,D,D1,2024-12-29 10:23:00 UTC,closed,6,member4,user4
1027,D,E1,2024-12-28 22:45:00 UTC,assigned,1,member4,user3
1028,A,A1,2025-01-09 10:05:00 UTC,awaiting_response,8,member1,user4
1029,D,A1,2025-01-06 20:59:00 UTC,closed,6,member2,user1
1030,B,F1,2025-01-09 11:31:00 UTC,assigned,4,member4,user4
1031,D,E1,2025-01-05 08:31:00 UTC,assigned,8,member3,user1
1032,B,C1,2025-01-18 09:01:00 UTC,assigned,1,member4,user1
1033,D,A1,2025-01-08 15:02:00 UTC,closed,8,member4,user1
1034,B,D1,2025-01-05 08:44:00 UTC,assigned,7,member2,user3
1035,D,D1,2025-01-01 08:30:00 UTC,awaiting_response,5,member2,user3
1036,D,A1,2025-01-11 18:07:00 UTC,closed,6,member1,user4
1037,E,F1,2025-01-18 15:25:00 UTC,closed,2,member2,user4
1038,E,F1,2025-01-03 14:08:00 UTC,closed,2,member3,user2
1039,B,F1,2025-01-19 13:56:00 UTC,closed,4,member3,user2
1040,A,E1,2025-01-14 06:53:00 UTC,closed,7,member3,user1
1041,D,C1,2024-12-23 14:47:00 UTC,assigned,8,member1,user3
1042,A,C1,2025-01-11 02:03:00 UTC,awaiting_response,7,member3,user4
1043,C,E1,2024-12-29 20:32:00 UTC,assigned,5,member1,user1
1044,A,C1,2025-01-17 12:21:00 UTC,closed,2,member4,user3
1045,E,A1,2025-01-04 14:42:00 UTC,closed,1,member3,user2
1046,E,C1,2024-12-27 09:50:00 UTC,assigned,3,member1,user2
1047,C,A1,2025-01-02 06:16:00 UTC,assigned,2,member1,user2
1048,E,B1,2025-01-06 21:03:00 UTC,awaiting_response,7,member3,user3
1049,A,B1,2025-01-17 16:35:00 UTC,assigned,8,member2,user4
1050,A,B1,2025-01-14 07:18:00 UTC,awaiting_response,4,member2,user1
1051,D,E1,2024-12-26 05:03:00 UTC,awaiting_response,3,member2,user4
1052,C,F1,2024-12-31 11:49:00 UTC,awaiting_response,7,member3,user3
1053,E,F1,2025-01-01 16:06:00 UTC,closed,7,member3,user4
1054,D,C1,2025-01-01 02:59:00 UTC,assigned,7,member4,user4
1055,B,E1,2025-01-02 05:06:00 UTC,assigned,8,member4,user1
1056,B,E1,2025-01-06 13:44:00 UTC,awaiting_response,7,member3,user4
1057,D,B1,2025-01-15 16:31:00 UTC,closed,2,member3,user3
1058,C,E1,2025-01-06 12:55:00 UTC,closed,1,member1,user1
1059,B,B1,2024-12-29 14:46:00 UTC,closed,5,member4,user1
1060,D,F1,2025-01-03 21:53:00 UTC,assigned,8,member3,user2
1061,B,F1,2025-01-19 06:44:00 UTC,awaiting_response,3,member2,user3
1062,B,C1,2025-01-04 11:44:00 UTC,assigned,3,member4,user3
1063,C,B1,2024-12-29 21:32:00 UTC,awaiting_response,5,member4,user1
1064,B,A1,2025-01-01 14:54:00 UTC,assigned,8,member1,user3
1065,B,D1,2025-01-01 00:45:00 UTC,closed,4,member2,user1
1066,E,A1,2024-12-25 09:24:00 UTC,assigned,7,member4,user4
1067,A,C1,2024-12-27 14:53:00 UTC,assigned,6,member4,user4
1068,C,D1,2024-12-25 21:41:00 UTC,assigned,4,member4,user2
1069,A,D1,2025-01-18 06:45:00 UTC,awaiting_response,8,member1,user4
1070,D,E1,2025-01-02 13:28:00 UTC,awaiting_response,8,member1,user2
1071,C,D1,2025-01-10 10:01:00 UTC,closed,1,member3,user1
1072,E,F1,2024-12-22 21:11:00 UTC,assigned,7,member1,user1
1073,C,D1,2025-01-19 13:59:00 UTC,closed,4,member2,user2
1074,B,F1,2024-12-27 04:32:00 UTC,assigned,5,member1,user2
1075,A,C1,2025-01-13 00:25:00 UTC,assigned,3,member1,user2
1076,C,F1,2025-01-02 14:27:00 UTC,awaiting_response,3,member4,user3
1077,E,A1,2025-01-18 02:56:00 UTC,closed,6,member4,user4
1078,D,F1,2025-01-10 07:39:00 UTC,awaiting_response,3,member1,user2
1079,B,B1,2024-12-25 02:27:00 UTC,awaiting_response,6,member3,user3
1080,B,A1,2024-12-28 05:58:00 UTC,awaiting_response,1,member2,user2
1081,B,F1,2024-12-29 00:57:00 UTC,closed,4,member1,user2
1082,D,C1,2025-01-13 16:21:00 UTC,closed,7,member2,user1
1083,C,B1,2025-01-18 00:31:00 UTC,awaiting_response,5,member4,user1
1084,D,E1,2025-01-10 21:47:00 UTC,assigned,1,member2,user3
1085,B,C1,2024-12-25 16:47:00 UTC,awaiting_response,2,member1,user4
1086,C,E1,2024-12-22 10:30:00 UTC,assigned,2,member2,user2
1087,E,A1,2025-01-03 00:31:00 UTC,awaiting_response,2,member2,user4
1088,D,A1,2024-12-24 16:44:00 UTC,closed,1,member1,user4
1089,A,E1,2025-01-13 13:15:00 UTC,closed,4,member3,user2
1090,A,F1,2024-12-28 13:36:00 UTC,assigned,8,member1,user4
1091,C,F1,2025-01-09 09:07:00 UTC,assigned,5,member3,user2
1092,A,C1,2024-12-31 13:31:00 UTC,closed,1,member2,user4
1093,C,B1,2025-01-12 22:04:00 UTC,closed,2,member2,user4
1094,C,C1,2024-12-23 05:53:00 UTC,awaiting_response,3,member2,user1
1095,B,F1,2025-01-14 14:35:00 UTC,assigned,2,member4,user2
1096,D,C1,2025-01-12 18:26:00 UTC,assigned,2,member1,user3
1097,C,E1,2025-01-07 23:44:00 UTC,closed,7,member1,user4
1098,B,B1,2025-01-03 17:23:00 UTC,assigned,8,member1,user2
1099,B,D1,2024-12-24 02:50:00 UTC,closed,4,member2,user4
1100,C,D1,2025-01-04 06:09:00 UTC,awaiting_response,6,member2,user4
1101,D,A1,2025-01-02 15:31:00 UTC,closed,6,member3,user1
1102,E,B1,2024-12-28 03:47:00 UTC,awaiting_response,1,member1,user2
1103,C,E1,2025-01-19 01:27:00 UTC,closed,7,member2,user4
1104,B,D1,2024-12-21 05:49:00 UTC,awaiting_response,7,member4,user2
1105,E,A1,2025-01-17 10:51:00 UTC,closed,2,member3,user3
1106,B,A1,2025-01-13 05:49:00 UTC,closed,1,member2,user3
1107,E,B1,2025-01-09 13:47:00 UTC,assigned,6,member3,user4
1108,A,E1,2025-01-08 14:38:00 UTC,closed,4,member1,user4
1109,E,C1,2024-12-31 18:56:00 UTC,awaiting_response,2,member1,user1
1110,D,F1,2024-12-23 21:44:00 UTC,assigned,3,member3,user4
1111,B,F1,2025-01-03 21:08:00 UTC,awaiting_response,1,member1,user4
1112,A,A1,2025-01-13 08:58:00 UTC,assigned,1,member1,user4
1113,A,E1,2025-01-13 14:32:00 UTC,awaiting_response,7,member4,user3
1114,B,F1,2025-01-02 05:30:00 UTC,closed,3,member4,user4
1115,B,F1,2025-01-09 22:52:00 UTC,closed,1,member4,user4
1116,D,B1,2025-01-05 14:25:00 UTC,closed,4,member3,user2
1117,E,F1,2025-01-03 08:41:00 UTC,closed,2,member3,user3
1118,D,F1,2025-01-13 18:12:00 UTC,awaiting_response,5,member4,user1
1119,C,A1,2025-01-05 14:57:00 UTC,assigned,3,member2,user4
1120,C,A1,2025-01-15 02:00:00 UTC,assigned,6,member4,user1
1121,B,C1,2025-01-13 11:27:00 UTC,assigned,5,member4,user4
1122,E,E1,2024-12-28 15:22:00 UTC,assigned,8,member1,user1
1123,B,A1,2024-12-24 02:55:00 UTC,awaiting_response,3,member2,user1
1124,A,D1,2025-01-05 19:52:00 UTC,awaiting_response,3,member4,user3
1125,C,F1,2025-01-18 08:03:00 UTC,closed,2,member4,user3
1126,A,B1,2025-01-05 06:39:00 UTC,closed,7,member1,user1
1127,A,E1,2024-12-30 10:50:00 UTC,awaiting_response,1,member4,user3
1128,B,C1,2025-01-09 01:12:00 UTC,closed,2,member1,user2
1129,A,F1,2024-12-24 08:09:00 UTC,assigned,8,member2,user3
1130,E,D1,2024-12-31 01:17:00 UTC,closed,7,member3,user2
1131,A,F1,2025-01-10 20:57:00 UTC,awaiting_response,6,member2,user3
1132,D,D1,2025-01-11 04:40:00 UTC,awaiting_response,7,member3,user1
1133,E,C1,2024-12-20 19:55:00 UTC,awaiting_response,3,member2,user3
1134,E,E1,2025-01-16 11:58:00 UTC,awaiting_response,5,member2,user1
1135,E,F1,2025-01-16 04:59:00 UTC,awaiting_response,5,member2,user2
1136,A,B1,2024-12-25 19:10:00 UTC,closed,1,member2,user3
1137,E,F1,2025-01-07 01:28:00 UTC,closed,5,member2,user4
1138,E,B1,2025-01-13 19:38:00 UTC,assigned,4,member3,user1
1139,A,A1,2024-12-22 08:16:00 UTC,assigned,4,member4,user3
1140,A,A1,2025-01-13 17:13:00 UTC,assigned,8,member2,user3
1141,D,D1,2024-12-30 15:32:00 UTC,assigned,4,member1,user4
1142,A,E1,2024-12-27 05:55:00 UTC,awaiting_response,2,member4,user2
1143,A,A1,2024-12-21 07:33:00 UTC,awaiting_response,2,member2,user4
1144,A,D1,2024-12-21 03:48:00 UTC,assigned,5,member2,user1
1145,B,A1,2024-12-23 00:54:00 UTC,closed,7,member2,user1
1146,E,B1,2025-01-02 08:41:00 UTC,awaiting_response,3,member4,user2
1147,D,B1,2024-12-28 16:14:00 UTC,awaiting_response,1,member4,user4
1148,C,E1,2025-01-07 22:23:00 UTC,assigned,1,member4,user1
1149,D,C1,2025-01-08 15:45:00 UTC,closed,7,member4,user4
1150,D,B1,2025-01-04 06:00:00 UTC,awaiting_response,3,member1,user3
1151,A,A1,2025-01-02 18:48:00 UTC,assigned,7,member3,user1
1152,D,B1,2025-01-10 15:27:00 UTC,assigned,7,member4,user2
1153,B,A1,2024-12-31 18:50:00 UTC,closed,7,member3,user2
1154,E,C1,2025-01-07 07:30:00 UTC,assigned,1,member3,user3
1155,D,E1,2025-01-12 03:06:00 UTC,assigned,3,member4,user3
1156,C,B1,2025-01-12 18:08:00 UTC,closed,4,member1,user1
1157,D,F1,2024-12-23 16:19:00 UTC,closed,4,member4,user1
1158,B,A1,2025-01-18 17:18:00 UTC,assigned,4,member4,user4
1159,E,F1,2025-01-07 01:02:00 UTC,awaiting_response,8,member3,user4
1160,D,C1,2025-01-01 23:31:00 UTC,awaiting_response,6,member2,user2
1161,B,A1,2025-01-05 09:39:00 UTC,closed,3,member1,user2
1162,D,F1,2024-12-30 23:43:00 UTC,awaiting_response,8,member1,user3
1163,B,C1,2024-12-30 11:12:00 UTC,awaiting_response,6,member1,user1
1164,A,F1,2024-12-26 03:31:00 UTC,awaiting_response,8,member4,user3
1165,A,B1,2024-12-26 17:52:00 UTC,assigned,5,member3,user2
1166,D,D1,2024-12-28 09:43:00 UTC,awaiting_response,1,member3,user4
1167,E,C1,2024-12-20 17:28:00 UTC,closed,1,member4,user3
1168,C,E1,2025-01-13 19:49:00 UTC,closed,1,member4,user2
1169,A,A1,2025-01-05 23:36:00 UTC,awaiting_response,4,member1,user3
1170,E,B1,2024-12-28 00:02:00 UTC,closed,1,member1,user3
1171,D,D1,2025-01-18 21:21:00 UTC,awaiting_response,5,member3,user2
1172,B,A1,2024-12-21 00:10:00 UTC,closed,2,member4,user4
1173,A,A1,2025-01-18 07:54:00 UTC,awaiting_response,7,member2,user2
1174,E,D1,2025-01-08 09:38:00 UTC,closed,4,member4,user2
1175,C,A1,2025-01-10 17:17:00 UTC,assigned,1,member2,user2
1176,E,C1,2025-01-02 20:25:00 UTC,assigned,1,member3,user1
1177,E,E1,2024-12-28 23:03:00 UTC,awaiting_response,7,member2,user3
1178,B,F1,2025-01-11 03:47:00 UTC,assigned,1,member4,user1
1179,D,F1,2024-12-24 18:56:00 UTC,assigned,8,member2,user3
1180,A,A1,2025-01-14 03:28:00 UTC,closed,2,member4,user4
1181,A,C1,2025-01-11 11:08:00 UTC,closed,8,member4,user3
1182,C,B1,2024-12-27 16:19:00 UTC,assigned,2,member1,user1
1183,C,A1,2025-01-16 04:02:00 UTC,assigned,2,member4,user1
1184,D,B1,2025-01-13 09:53:00 UTC,assigned,4,member1,user4
1185,A,E1,2025-01-14 21:44:00 UTC,assigned,4,member4,user1
1186,B,E1,2024-12-26 12:29:00 UTC,assigned,3,member1,user4
1187,E,F1,2025-01-12 03:55:00 UTC,awaiting_response,8,member3,user4
1188,E,A1,2024-12-23 23:27:00 UTC,awaiting_response,7,member4,user2
1189,B,D1,2024-12-29 01:27:00 UTC,closed,6,member1,user4
1190,A,E1,2025-01-06 08:03:00 UTC,assigned,8,member4,user1
1191,E,E1,2025-01-08 13:19:00 UTC,assigned,4,member1,user1
1192,D,C1,2025-01-01 18:04:00 UTC,closed,7,member2,user3
1193,A,B1,2025-01-14 11:24:00 UTC,assigned,6,member2,user3
1194,C,D1,2025-01-02 03:34:00 UTC,closed,4,member1,user4
1195,E,B1,2025-01-07 15:05:00 UTC,awaiting_response,4,member4,user2
1196,E,D1,2025-01-14 23:55:00 UTC,awaiting_response,8,member2,user2
1197,E,F1,2025-01-05 02:49:00 UTC,closed,3,member4,user4
1198,A,E1,2025-01-02 16:17:00 UTC,assigned,4,member4,user1
1199,E,B1,2025-01-01 22:06:00 UTC,closed,8,member2,user4
1200,B,A1,2025-01-11 03:55:00 UTC,assigned,3,member2,user4
1201,E,E1,2024-12-26 05:35:00 UTC,closed,4,member3,user4
1202,B,A1,2025-01-06 20:30:00 UTC,awaiting_response,8,member1,user4
1203,B,F1,2025-01-06 11:56:00 UTC,awaiting_response,6,member4,user3
1204,D,E1,2024-12-26 03:07:00 UTC,assigned,1,member2,user1
1205,B,C1,2024-12-25 15:47:00 UTC,assigned,4,member2,user3
1206,E,B1,2024-12-25 05:04:00 UTC,awaiting_response,3,member2,user4
1207,D,A1,2025-01-15 09:09:00 UTC,awaiting_response,3,member3,user2
1208,A,D1,2025-01-15 07:57:00 UTC,closed,5,member2,user2
1209,E,A1,2025-01-16 11:48:00 UTC,closed,8,member4,user2
1210,D,B1,2025-01-04 06:01:00 UTC,closed,7,member4,user2
1211,B,E1,2025-01-01 08:27:00 UTC,closed,1,member1,user2
1212,A,A1,2024-12-22 16:41:00 UTC,awaiting_response,8,member3,user1
1213,E,D1,2025-01-02 06:09:00 UTC,awaiting_response,4,member3,user3
1214,B,F1,2024-12-25 18:25:00 UTC,awaiting_response,8,member4,user2
1215,B,B1,2025-01-10 14:10:00 UTC,assigned,6,member1,user4
1216,C,F1,2024-12-29 01:49:00 UTC,assigned,8,member1,user1
1217,E,F1,2024-12-21 05:28:00 UTC,closed,5,member1,user4
1218,C,A1,2025-01-13 15:59:00 UTC,closed,4,member2,user1
1219,D,A1,2025-01-03 13:59:00 UTC,closed,1,member2,user1
1220,D,C1,2025-01-04 03:59:00 UTC,awaiting_response,1,member3,user2
1221,C,C1,2025-01-15 02:29:00 UTC,assigned,6,member2,user4
1222,C,E1,2025-01-16 22:37:00 UTC,assigned,8,member4,user2
1223,A,C1,2025-01-02 11:44:00 UTC,closed,1,member3,user3
1224,E,A1,2025-01-16 16:17:00 UTC,closed,2,member3,user1
1225,A,C1,2024-12-23 13:16:00 UTC,closed,3,member4,user4
1226,B,E1,2025-01-09 17:55:00 UTC,awaiting_response,1,member3,user3
1227,A,C1,2024-12-25 21:47:00 UTC,closed,6,member3,user1
1228,A,D1,2025-01-07 14:57:00 UTC,awaiting_response,4,member2,user3
1229,A,E1,2024-12-21 15:31:00 UTC,assigned,3,member3,user3
1230,D,A1,2025-01-14 13:56:00 UTC,awaiting_response,8,member2,user4
1231,B,C1,2025-01-14 18:05:00 UTC,assigned,4,member3,user4
1232,B,F1,2024-12-29 18:32:00 UTC,assigned,6,member4,user2
1233,B,D1,2024-12-21 20:27:00 UTC,awaiting_response,2,member2,user1
1234,B,C1,2025-01-03 11:50:00 UTC,assigned,3,member2,user1
1235,D,A1,2025-01-05 10:33:00 UTC,assigned,3,member3,user4
1236,A,D1,2024-12-26 09:43:00 UTC,awaiting_response,4,member2,user3
1237,C,C1,2024-12-22 08:19:00 UTC,assigned,5,member1,user4
1238,C,D1,2024-12-27 10:29:00 UTC,awaiting_response,6,member3,user2
1239,B,C1,2024-12-27 12:37:00 UTC,awaiting_response,1,member3,user2
1240,E,B1,2025-01-03 10:07:00 UTC,assigned,1,member2,user1
1241,D,E1,2025-01-16 07:51:00 UTC,awaiting_response,6,member3,user3
1242,C,F1,2024-12-30 22:07:00 UTC,awaiting_response,2,member1,user4
1243,A,D1,2024-12-30 19:26:00 UTC,assigned,1,member4,user3
1244,D,F1,2025-01-11 01:24:00 UTC,awaiting_response,2,member4,user1
1245,A,A1,2025-01-04 00:06:00 UTC,awaiting_response,7,member3,user4
1246,E,A1,2024-12-26 16:08:00 UTC,assigned,4,member1,user3
1247,E,C1,2025-01-10 17:53:00 UTC,closed,7,member1,user3
1248,B,D1,2025-01-14 22:44:00 UTC,awaiting_response,4,member3,user4
1249,B,C1,2025-01-07 11:47:00 UTC,closed,6,member2,user4
1250,D,B1,2025-01-10 05:07:00 UTC,assigned,7,member3,user4
1251,D,E1,2024-12-29 00:48:00 UTC,assigned,8,member3,user4
1252,A,C1,2025-01-07 13:54:00 UTC,closed,1,member2,user3
1253,D,D1,2025-01-16 04:04:00 UTC,assigned,4,member4,user3
1254,A,F1,2024-12-22 06:31:00 UTC,awaiting_response,2,member1,user2
1255,A,B1,2024-12-27 11:28:00 UTC,closed,2,member2,user1
1256,C,F1,2025-01-09 08:02:00 UTC,closed,2,member4,user4
1257,E,B1,2025-01-03 10:35:00 UTC,assigned,4,member1,user3
1258,A,C1,2025-01-04 14:48:00 UTC,assigned,8,member4,user4
1259,A,F1,2025-01-06 11:20:00 UTC,awaiting_response,8,member2,user4
1260,B,B1,2025-01-01 09:32:00 UTC,awaiting_response,6,member3,user1
1261,E,D1,2025-01-09 15:39:00 UTC,awaiting_response,2,member4,user3
1262,B,B1,2025-01-15 09:49:00 UTC,closed,7,member2,user4
1263,B,D1,2025-01-04 09:21:00 UTC,awaiting_response,5,member4,user2
1264,A,C1,2024-12-23 10:24:00 UTC,assigned,1,member4,user3
1265,E,F1,2025-01-15 01:24:00 UTC,closed,2,member3,user3
1266,A,A1,2025-01-10 05:28:00 UTC,assigned,4,member1,user1
1267,D,F1,2024-12-25 14:04:00 UTC,awaiting_response,5,member4,user2
1268,D,B1,2024-12-29 04:32:00 UTC,assigned,8,member4,user4
1269,C,E1,2025-01-18 08:10:00 UTC,awaiting_response,3,member3,user4
1270,C,D1,2025-01-16 02:32:00 UTC,assigned,7,member2,user1
1271,B,A1,2025-01-14 12:20:00 UTC,awaiting_response,1,member3,user4
1272,E,B1,2024-12-22 04:43:00 UTC,closed,2,member4,user2
1273,D,B1,2024-12-25 02:39:00 UTC,closed,6,member1,user1
1274,E,E1,2025-01-08 19:02:00 UTC,assigned,2,member3,user1
1275,A,C1,2024-12-31 06:41:00 UTC,closed,3,member1,user2
1276,B,E1,2025-01-02 10:46:00 UTC,assigned,8,member1,user4
1277,A,F1,2025-01-10 22:45:00 UTC,closed,1,member3,user1
1278,A,A1,2025-01-04 21:35:00 UTC,assigned,1,member3,user3
1279,D,D1,2025-01-08 10:21:00 UTC,assigned,7,member1,user4
1280,A,E1,2024-12-21 13:49:00 UTC,closed,1,member1,user4
1281,E,B1,2025-01-12 12:17:00 UTC,awaiting_response,7,member2,user1
1282,B,C1,2024-12-23 10:07:00 UTC,assigned,1,member2,user4
1283,C,F1,2024-12-29 00:09:00 UTC,assigned,4,member2,user1
1284,C,A1,2024-12-25 02:04:00 UTC,assigned,3,member1,user2
1285,E,F1,2025-01-01 23:48:00 UTC,assigned,7,member4,user1
1286,A,E1,2025-01-17 16:48:00 UTC,awaiting_response,4,member1,user4
1287,E,D1,2025-01-18 00:35:00 UTC,awaiting_response,2,member4,user3
1288,E,F1,2025-01-04 00:10:00 UTC,assigned,4,member3,user1
1289,D,B1,2025-01-12 18:08:00 UTC,awaiting_response,6,member1,user1
1290,B,D1,2025-01-15 16:55:00 UTC,closed,3,member4,user1
1291,C,E1,2025-01-03 17:25:00 UTC,assigned,7,member4,user3
1292,A,B1,2024-12-22 16:14:00 UTC,awaiting_response,1,member1,user2
1293,C,C1,2024-12-31 19:47:00 UTC,closed,4,member3,user1
1294,D,D1,2025-01-04 23:10:00 UTC,assigned,3,member1,user3
1295,E,B1,2025-01-17 19:49:00 UTC,closed,5,member2,user2
1296,C,D1,2024-12-23 02:17:00 UTC,closed,7,member2,user1
1297,A,D1,2025-01-17 04:05:00 UTC,assigned,1,member1,user4
1298,D,A1,2024-12-22 12:49:00 UTC,closed,3,member3,user1
1299,B,A1,2024-12-22 10:11:00 UTC,awaiting_response,2,member1,user3
1300,B,C1,2025-01-09 11:16:00 UTC,awaiting_response,2,member4,user2
1301,E,E1,2025-01-15 03:47:00 UTC,awaiting_response,1,member2,user3
1302,D,D1,2024-12-21 00:15:00 UTC,awaiting_response,4,member4,user2
1303,C,D1,2025-01-13 13:43:00 UTC,closed,4,member4,user3
1304,B,D1,2024-12-29 15:52:00 UTC,awaiting_response,2,member3,user3
1305,B,F1,2024-12-23 01:54:00 UTC,assigned,6,member1,user1
1306,A,D1,2025-01-05 13:17:00 UTC,assigned,1,member2,user3
1307,B,F1,2025-01-18 04:42:00 UTC,assigned,6,member3,user4
1308,A,E1,2025-01-16 12:35:00 UTC,assigned,5,member3,user3
1309,D,A1,2025-01-04 19:49:00 UTC,assigned,4,member3,user4
1310,C,C1,2024-12-22 20:56:00 UTC,assigned,1,member1,user2
1311,C,C1,2025-01-13 04:15:00 UTC,awaiting_response,2,member2,user1
1312,E,E1,2024-12-31 09:45:00 UTC,closed,2,member1,user3
1313,B,C1,2024-12-31 17:45:00 UTC,assigned,3,member4,user3
1314,C,E1,2025-01-06 20:16:00 UTC,assigned,2,member3,user1
1315,D,D1,2025-01-06 19:25:00 UTC,awaiting_response,8,member2,user4
1316,E,B1,2025-01-02 14:19:00 UTC,awaiting_response,3,member2,user2
1317,D,C1,2024-12-28 01:53:00 UTC,awaiting_response,7,member4,user4
1318,D,F1,2025-01-16 16:22:00 UTC,awaiting_response,6,member4,user3
1319,D,C1,2025-01-12 15:02:00 UTC,closed,7,member1,user3
1320,E,B1,2024-12-29 21:37:00 UTC,closed,5,member2,user2
1321,E,C1,2024-12-30 15:58:00 UTC,closed,7,member1,user1
1322,E,A1,2024-12-29 04:51:00 UTC,awaiting_response,4,member1,user1
1323,E,D1,2025-01-01 22:02:00 UTC,closed,6,member4,user3
1324,B,D1,2025-01-13 22:21:00 UTC,closed,6,member4,user3
1325,A,D1,2024-12-28 00:30:00 UTC,assigned,7,member2,user1
1326,B,F1,2025-01-04 00:40:00 UTC,awaiting_response,1,member3,user1
1327,E,E1,2025-01-10 16:03:00 UTC,awaiting_response,7,member3,user1
1328,A,C1,2024-12-23 08:23:00 UTC,awaiting_response,1,member4,user1
1329,E,D1,2025-01-12 17:10:00 UTC,closed,7,member4,user4
1330,E,E1,2025-01-09 05:45:00 UTC,awaiting_response,1,member4,user4
1331,B,F1,2024-12-31 18:54:00 UTC,awaiting_response,2,member4,user1
1332,A,F1,2025-01-08 10:36:00 UTC,assigned,5,member1,user1
1333,D,C1,2025-01-16 14:49:00 UTC,assigned,2,member1,user2
1334,C,D1,2025-01-09 01:33:00 UTC,awaiting_response,6,member3,user4
1335,C,B1,2024-12-23 10:14:00 UTC,closed,6,member1,user2
1336,E,F1,2024-12-29 04:29:00 UTC,awaiting_response,2,member1,user2
1337,E,E1,2024-12-26 19:30:00 UTC,assigned,6,member2,user3
1338,D,D1,2025-01-08 15:27:00 UTC,assigned,7,member1,user1
1339,E,D1,2024-12-28 00:44:00 UTC,closed,6,member2,user4
1340,A,E1,2025-01-01 12:52:00 UTC,closed,2,member4,user1
1341,D,E1,2025-01-11 16:19:00 UTC,closed,4,member2,user2
1342,E,D1,2024-12-31 00:04:00 UTC,closed,8,member2,user2
1343,E,A1,2024-12-30 01:00:00 UTC,awaiting_response,3,member1,user2
1344,C,E1,2024-12-22 13:14:00 UTC,closed,5,member2,user3
1345,E,E1,2024-12-25 16:20:00 UTC,closed,7,member1,user1
1346,A,C1,2025-01-17 01:29:00 UTC,awaiting_response,4,member1,user4
1347,E,D1,2025-01-05 20:54:00 UTC,closed,7,member1,user1
1348,D,E1,2024-12-28 17:11:00 UTC,assigned,6,member1,user4
1349,B,F1,2025-01-13 16:52:00 UTC,assigned,1,member3,user1
1350,A,D1,2025-01-09 15:36:00 UTC,awaiting_response,7,member2,user2
1351,B,A1,2024-12-24 09:01:00 UTC,closed,8,member2,user3
1352,B,B1,2025-01-15 07:25:00 UTC,assigned,1,member2,user4
1353,A,E1,2024-12-27 13:14:00 UTC,closed,6,member4,user1
1354,A,E1,2025-01-08 22:46:00 UTC,closed,3,member3,user4
1355,B,F1,2025-01-05 00:52:00 UTC,assigned,8,member3,user3
1356,E,B1,2025-01-01 01:37:00 UTC,closed,5,member1,user4
1357,B,C1,2025-01-13 09:13:00 UTC,closed,3,member4,user1
1358,B,C1,2024-12-23 00:34:00 UTC,closed,7,member1,user4
1359,A,D1,2025-01-14 12:31:00 UTC,closed,3,member2,user4
1360,B,F1,2025-01-02 03:29:00 UTC,closed,5,member4,user2
1361,E,B1,2025-01-01 21:33:00 UTC,closed,2,member4,user4
1362,A,F1,2025-01-17 04:58:00 UTC,closed,5,member3,user4
1363,E,B1,2025-01-12 09:38:00 UTC,closed,5,member4,user4
1364,C,B1,2025-01-04 12:33:00 UTC,closed,1,member1,user4
1365,C,A1,2025-01-01 03:25:00 UTC,closed,5,member2,user2
1366,C,E1,2025-01-13 04:59:00 UTC,assigned,4,member2,user1
1367,B,A1,2024-12-30 22:35:00 UTC,closed,8,member1,user2
1368,C,B1,2025-01-02 10:24:00 UTC,assigned,3,member2,user4
1369,D,A1,2024-12-22 18:46:00 UTC,assigned,5,member4,user2
1370,E,D1,2025-01-06 15:31:00 UTC,awaiting_response,7,member4,user2
1371,D,F1,2025-01-10 08:24:00 UTC,closed,1,member1,user3
1372,B,A1,2024-12-24 21:15:00 UTC,assigned,7,member3,user2
1373,D,B1,2025-01-12 21:07:00 UTC,closed,7,member4,user3
1374,C,D1,2024-12-30 20:59:00 UTC,awaiting_response,7,member4,user1
1375,A,C1,2025-01-06 04:28:00 UTC,closed,7,member2,user1
1376,C,B1,2025-01-12 09:27:00 UTC,awaiting_response,3,member4,user2
1377,A,C1,2025-01-07 18:16:00 UTC,assigned,7,member1,user4
1378,B,F1,2024-12-29 20:39:00 UTC,assigned,2,member2,user4
1379,B,B1,2025-01-01 20:34:00 UTC,closed,7,member1,user3
1380,C,F1,2025-01-06 00:04:00 UTC,awaiting_response,1,member4,user4
1381,A,E1,2025-01-17 11:40:00 UTC,assigned,1,member1,user2
1382,A,C1,2025-01-02 17:31:00 UTC,awaiting_response,1,member1,user3
1383,C,C1,2025-01-15 22:53:00 UTC,assigned,8,member3,user4
1384,D,E1,2025-01-02 03:24:00 UTC,closed,5,member3,user1
1385,C,B1,2025-01-05 19:15:00 UTC,closed,3,member3,user1
1386,B,E1,2025-01-04 15:59:00 UTC,awaiting_response,7,member4,user4
1387,B,B1,2024-12-20 17:20:00 UTC,closed,4,member2,user3
1388,A,D1,2025-01-05 02:07:00 UTC,awaiting_response,6,member4,user2
1389,B,A1,2025-01-04 02:39:00 UTC,assigned,3,member4,user3
1390,E,E1,2025-01-14 22:51:00 UTC,awaiting_response,2,member3,user3
1391,A,C1,2024-12-20 23:07:00 UTC,awaiting_response,6,member4,user2
1392,E,D1,2024-12-29 16:56:00 UTC,assigned,1,member1,user3
1393,D,F1,2025-01-06 15:55:00 UTC,assigned,6,member2,user4
1394,A,D1,2024-12-22 07:21:00 UTC,closed,4,member4,user1
1395,D,C1,2024-12-21 19:18:00 UTC,closed,1,member3,user4
1396,E,A1,2025-01-14 21:52:00 UTC,closed,4,member3,user1
1397,C,D1,2024-12-26 17:56:00 UTC,closed,3,member2,user2
1398,A,C1,2025-01-16 19:15:00 UTC,closed,5,member1,user1
1399,C,D1,2025-01-18 23:24:00 UTC,closed,4,member3,user3
1400,C,A1,2025-01-13 22:57:00 UTC,assigned,8,member4,user2
1401,D,C1,2025-01-04 06:19:00 UTC,assigned,6,member2,user3
1402,A,D1,2024-12-27 07:48:00 UTC,awaiting_response,6,member2,user3
1403,E,F1,2024-12-24 19:26:00 UTC,closed,4,member4,user3
1404,C,E1,2025-01-05 14:31:00 UTC,awaiting_response,4,member3,user2
1405,B,D1,2025-01-01 04:50:00 UTC,assigned,1,member3,user4
1406,B,F1,2024-12-21 03:01:00 UTC,closed,1,member4,user4
1407,E,C1,2025-01-17 14:53:00 UTC,assigned,3,member4,user2
1408,B,E1,2025-01-14 22:17:00 UTC,awaiting_response,7,member1,user1
1409,E,B1,2024-12-31 07:37:00 UTC,closed,5,member4,user3
1410,E,B1,2024-12-30 21:40:00 UTC,assigned,3,member1,user1
1411,C,E1,2024-12-31 05:38:00 UTC,assigned,4,member4,user1
1412,B,B1,2025-01-01 08:18:00 UTC,assigned,6,member4,user3
1413,E,E1,2024-12-28 06:03:00 UTC,closed,3,member4,user1
1414,D,E1,2025-01-11 06:38:00 UTC,awaiting_response,5,member3,user4
1415,B,C1,2024-12-24 07:34:00 UTC,closed,3,member4,user2
1416,C,B1,2025-01-17 06:35:00 UTC,awaiting_response,5,member4,user3
1417,A,A1,2025-01-12 05:27:00 UTC,closed,1,member3,user1
1418,B,D1,2025-01-14 01:05:00 UTC,assigned,8,member1,user2
1419,E,D1,2025-01-19 11:06:00 UTC,awaiting_response,7,member1,user4
1420,E,A1,2025-01-05 01:20:00 UTC,assigned,2,member4,user1
1421,B,E1,2025-01-03 12:29:00 UTC,closed,4,member3,user3
1422,A,E1,2025-01-02 10:36:00 UTC,awaiting_response,1,member3,user3
1423,E,E1,2025-01-12 10:08:00 UTC,closed,2,member2,user4
1424,D,B1,2024-12-24 03:19:00 UTC,awaiting_response,8,member1,user2
1425,A,E1,2024-12-30 20:03:00 UTC,awaiting_response,3,member3,user2
1426,B,E1,2025-01-05 01:14:00 UTC,awaiting_response,8,member1,user1
1427,B,D1,2025-01-05 15:22:00 UTC,closed,2,member4,user1
1428,E,F1,2025-01-01 19:25:00 UTC,assigned,5,member4,user4
1429,D,C1,2024-12-29 16:45:00 UTC,awaiting_response,8,member1,user2
1430,B,A1,2025-01-04 06:11:00 UTC,assigned,7,member2,user4
1431,A,F1,2024-12-30 03:10:00 UTC,awaiting_response,4,member4,user4
1432,D,D1,2025-01-18 19:48:00 UTC,assigned,3,member4,user1
1433,A,B1,2025-01-18 06:56:00 UTC,assigned,8,member2,user4
1434,C,D1,2025-01-18 23:10:00 UTC,awaiting_response,7,member2,user4
1435,E,A1,2024-12-29 10:02:00 UTC,assigned,4,member1,user4
1436,A,D1,2025-01-08 12:20:00 UTC,closed,6,member1,user2
1437,B,E1,2024-12-26 17:18:00 UTC,awaiting_response,2,member3,user4
1438,A,C1,2025-01-11 13:43:00 UTC,awaiting_response,8,member1,user2
1439,C,D1,2024-12-26 04:01:00 UTC,awaiting_response,8,member3,user1
1440,D,E1,2025-01-04 05:59:00 UTC,closed,1,member3,user2
1441,B,B1,2024-12-25 11:17:00 UTC,assigned,6,member3,user2
1442,B,F1,2024-12-30 15:02:00 UTC,assigned,4,member1,user3
1443,C,F1,2025-01-07 05:32:00 UTC,closed,7,member2,user1
1444,A,C1,2025-01-19 11:39:00 UTC,assigned,4,member4,user2
1445,D,F1,2024-12-23 07:32:00 UTC,awaiting_response,7,member2,user4
1446,A,C1,2025-01-01 22:53:00 UTC,assigned,2,member1,user1
1447,B,A1,2025-01-18 01:25:00 UTC,awaiting_response,8,member4,user4
1448,E,C1,2024-12-30 14:11:00 UTC,closed,7,member2,user1
1449,E,D1,2025-01-03 09:44:00 UTC,closed,1,member1,user3
1450,C,A1,2025-01-02 18:00:00 UTC,closed,8,member2,user4
1451,A,A1,2025-01-14 01:12:00 UTC,closed,7,member2,user3
1452,B,A1,2024-12-28 17:31:00 UTC,closed,4,member2,user2
1453,B,A1,2024-12-29 01:24:00 UTC,closed,5,member4,user3
1454,D,A1,2025-01-17 21:24:00 UTC,closed,7,member4,user4
1455,E,F1,2024-12-30 02:38:00 UTC,awaiting_response,2,member4,user2
1456,E,F1,2024-12-22 12:31:00 UTC,closed,8,member1,user3
1457,C,B1,2024-12-21 11:14:00 UTC,assigned,5,member1,user4
1458,E,D1,2025-01-02 23:46:00 UTC,closed,5,member2,user2
1459,B,E1,2025-01-16 17:09:00 UTC,assigned,7,member3,user2
1460,A,D1,2025-01-08 16:51:00 UTC,awaiting_response,7,member4,user4
1461,B,F1,2025-01-01 21:34:00 UTC,awaiting_response,7,member1,user2
1462,E,E1,2024-12-25 19:07:00 UTC,assigned,7,member4,user1
1463,A,F1,2024-12-30 11:48:00 UTC,awaiting_response,3,member4,user1
1464,B,C1,2024-12-22 09:31:00 UTC,closed,4,member4,user1
1465,C,C1,2025-01-01 17:49:00 UTC,closed,8,member1,user1
1466,C,F1,2025-01-18 05:00:00 UTC,awaiting_response,5,member4,user1
1467,D,B1,2025-01-13 07:07:00 UTC,awaiting_response,6,member4,user1
1468,C,E1,2024-12-27 02:20:00 UTC,assigned,6,member1,user3
1469,D,F1,2024-12-22 02:33:00 UTC,closed,6,member1,user1
1470,D,C1,2025-01-02 16:54:00 UTC,assigned,2,member4,user2
1471,D,E1,2025-01-05 00:27:00 UTC,awaiting_response,2,member1,user2
1472,D,A1,2025-01-12 11:50:00 UTC,assigned,3,member1,user4
1473,C,C1,2025-01-16 00:08:00 UTC,awaiting_response,3,member4,user3
1474,E,C1,2024-12-28 16:35:00 UTC,closed,8,member1,user1
1475,A,F1,2025-01-18 11:18:00 UTC,awaiting_response,8,member2,user3
1476,C,A1,2025-01-01 06:27:00 UTC,closed,2,member4,user4
1477,E,C1,2025-01-17 03:44:00 UTC,assigned,7,member4,user3
1478,E,B1,2024-12-25 02:51:00 UTC,awaiting_response,2,member3,user3
1479,E,C1,2025-01-06 13:21:00 UTC,closed,4,member3,user4
1480,B,C1,2025-01-02 20:49:00 UTC,awaiting_response,5,member2,user4
1481,A,A1,2025-01-05 21:38:00 UTC,closed,1,member3,user4
1482,B,D1,2024-12-30 17:16:00 UTC,awaiting_response,8,member2,user4
1483,C,E1,2024-12-30 13:17:00 UTC,awaiting_response,6,member2,user4
1484,C,C1,2025-01-02 10:57:00 UTC,awaiting_response,2,member1,user1
1485,C,B1,2025-01-06 18:38:00 UTC,awaiting_response,1,member3,user3
1486,E,C1,2025-01-14 08:06:00 UTC,awaiting_response,7,member3,user4
1487,D,F1,2025-01-11 13:18:00 UTC,closed,7,member1,user2
1488,D,E1,2025-01-17 12:56:00 UTC,closed,2,member2,user1
1489,B,C1,2025-01-03 02:16:00 UTC,awaiting_response,8,member2,user4
1490,D,D1,2024-12-23 16:12:00 UTC,closed,7,member3,user1
1491,E,A1,2025-01-02 17:44:00 UTC,awaiting_response,5,member1,user3
1492,C,B1,2024-12-27 03:10:00 UTC,closed,4,member4,user1
1493,B,B1,2025-01-13 21:03:00 UTC,closed,3,member4,user2
1494,A,C1,2024-12-30 01:46:00 UTC,awaiting_response,3,member4,user3
1495,C,B1,2024-12-30 17:13:00 UTC,awaiting_response,6,member1,user1
1496,C,A1,2025-01-08 21:07:00 UTC,closed,5,member1,user3
1497,A,E1,2025-01-13 19:26:00 UTC,closed,4,member1,user3
1498,C,E1,2025-01-08 21:34:00 UTC,assigned,6,member2,user4
1499,B,A1,2025-01-18 11:36:00 UTC,closed,4,member1,user3
1500,C,F1,2025-01-12 16:34:00 UTC,closed,6,member4,user4
1501,C,C1,2024-12-23 08:36:00 UTC,assigned,3,member3,user1
1502,C,A1,2025-01-18 04:55:00 UTC,assigned,5,member3,user4
1503,E,B1,2025-01-12 10:55:00 UTC,awaiting_response,8,member3,user4
1504,C,F1,2025-01-18 07:23:00 UTC,awaiting_response,4,member1,user2
1505,D,A1,2025-01-08 17:43:00 UTC,awaiting_response,5,member2,user1
1506,B,E1,2024-12-30 03:50:00 UTC,assigned,4,member1,user3
1507,A,D1,2025-01-02 16:35:00 UTC,assigned,5,member1,user2
1508,C,E1,2024-12-27 03:19:00 UTC,awaiting_response,4,member3,user3
1509,A,E1,2024-12-31 13:21:00 UTC,closed,5,member2,user4
1510,D,C1,2025-01-16 17:09:00 UTC,awaiting_response,1,member4,user3
1511,A,E1,2024-12-30 04:53:00 UTC,closed,7,member3,user3
1512,B,D1,2025-01-19 09:12:00 UTC,awaiting_response,8,member2,user2
1513,D,D1,2025-01-16 06:58:00 UTC,closed,4,member2,user2
1514,E,B1,2025-01-10 00:01:00 UTC,awaiting_response,6,member2,user1
1515,E,E1,2025-01-11 10:05:00 UTC,assigned,1,member3,user4
1516,A,C1,2025-01-08 14:09:00 UTC,closed,8,member2,user4
1517,C,D1,2025-01-16 23:36:00 UTC,assigned,2,member3,user1
1518,A,B1,2024-12-30 21:45:00 UTC,awaiting_response,5,member3,user4
1519,D,C1,2024-12-25 20:16:00 UTC,closed,6,member1,user1
1520,A,F1,2025-01-06 10:57:00 UTC,awaiting_response,3,member4,user3
1521,B,C1,2025-01-04 10:47:00 UTC,awaiting_response,4,member2,user3
1522,A,C1,2025-01-01 19:40:00 UTC,assigned,2,member1,user2
1523,A,B1,2024-12-25 21:00:00 UTC,awaiting_response,7,member2,user1
1524,C,D1,2025-01-10 09:31:00 UTC,assigned,5,member3,user3
1525,B,C1,2024-12-29 00:41:00 UTC,assigned,5,member2,user1
1526,A,D1,2025-01-11 16:30:00 UTC,closed,6,member3,user4
1527,C,E1,2025-01-05 00:34:00 UTC,assigned,1,member3,user4
1528,B,A1,2025-01-01 07:15:00 UTC,closed,3,member1,user4
1529,C,F1,2024-12-20 23:29:00 UTC,awaiting_response,8,member1,user1
1530,E,C1,2024-12-31 03:52:00 UTC,awaiting_response,7,member1,user4
1531,A,D1,2025-01-03 09:31:00 UTC,closed,7,member2,user3
1532,A,F1,2024-12-31 06:22:00 UTC,awaiting_response,6,member4,user1
1533,D,D1,2024-12-30 08:45:00 UTC,assigned,7,member1,user2
1534,E,A1,2025-01-07 22:41:00 UTC,closed,3,member4,user3
1535,C,F1,2024-12-29 00:17:00 UTC,awaiting_response,8,member4,user1
1536,D,D1,2025-01-04 03:33:00 UTC,assigned,5,member1,user4
1537,A,E1,2025-01-10 21:29:00 UTC,closed,4,member1,user4
1538,D,C1,2025-01-15 16:12:00 UTC,awaiting_response,5,member1,user4
1539,B,C1,2025-01-01 03:33:00 UTC,closed,3,member3,user1
1540,B,A1,2025-01-10 02:10:00 UTC,closed,2,member4,user1
1541,E,D1,2025-01-11 10:17:00 UTC,assigned,1,member2,user2
1542,B,A1,2024-12-25 19:22:00 UTC,assigned,2,member2,user1
1543,D,A1,2025-01-11 09:54:00 UTC,assigned,7,member3,user1
1544,C,F1,2025-01-16 08:02:00 UTC,assigned,7,member4,user4
1545,B,C1,2025-01-02 10:35:00 UTC,awaiting_response,4,member2,user3
1546,C,A1,2025-01-10 20:16:00 UTC,closed,5,member3,user4
1547,E,D1,2025-01-08 15:11:00 UTC,assigned,5,member3,user3
1548,A,B1,2025-01-15 00:20:00 UTC,assigned,7,member3,user3
1549,D,B1,2025-01-19 09:13:00 UTC,assigned,2,member1,user1
1550,D,C1,2024-12-27 19:17:00 UTC,assigned,6,member4,user2
1551,E,D1,2024-12-26 06:38:00 UTC,assigned,5,member4,user3
1552,C,E1,2025-01-17 06:22:00 UTC,awaiting_response,1,member3,user3
1553,D,D1,2024-12-27 12:03:00 UTC,awaiting_response,2,member1,user3
1554,B,C1,2025-01-03 21:34:00 UTC,assigned,8,member1,user2
1555,D,E1,2024-12-23 06:42:00 UTC,assigned,7,member3,user1
1556,C,D1,2025-01-08 23:50:00 UTC,closed,5,member3,user3
1557,D,A1,2025-01-03 18:06:00 UTC,awaiting_response,7,member3,user4
1558,A,C1,2025-01-15 23:11:00 UTC,awaiting_response,8,member1,user4
1559,A,B1,2025-01-10 03:39:00 UTC,assigned,8,member1,user3
1560,B,C1,2025-01-01 01:06:00 UTC,closed,1,member3,user1
1561,B,D1,2024-12-27 03:18:00 UTC,closed,2,member1,user1
1562,A,F1,2024-12-30 18:30:00 UTC,awaiting_response,4,member2,user4
1563,E,C1,2024-12-26 08:28:00 UTC,closed,1,member3,user3
1564,B,C1,2024-12-27 11:35:00 UTC,awaiting_response,6,member2,user3
1565,A,B1,2025-01-06 09:43:00 UTC,assigned,8,member4,user2
1566,E,F1,2025-01-06 11:21:00 UTC,awaiting_response,6,member3,user3
1567,D,F1,2025-01-13 11:32:00 UTC,assigned,7,member1,user2
1568,C,D1,2024-12-30 03:53:00 UTC,assigned,2,member4,user3
1569,C,E1,2025-01-02 21:04:00 UTC,awaiting_response,7,member2,user3
1570,B,C1,2025-01-13 02:41:00 UTC,closed,2,member2,user3
1571,A,C1,2025-01-07 23:45:00 UTC,closed,5,member4,user4
1572,C,E1,2024-12-21 22:31:00 UTC,awaiting_response,4,member3,user3
1573,E,D1,2024-12-27 21:26:00 UTC,awaiting_response,3,member3,user3
1574,D,D1,2025-01-14 08:37:00 UTC,awaiting_response,7,member2,user4
1575,A,D1,2025-01-19 06:57:00 UTC,assigned,2,member2,user3
1576,D,D1,2024-12-28 23:47:00 UTC,closed,8,member2,user1
1577,A,B1,2024-12-20 17:03:00 UTC,awaiting_response,4,member2,user2
1578,B,D1,2025-01-17 23:59:00 UTC,awaiting_response,8,member1,user2
1579,A,A1,2025-01-19 05:30:00 UTC,awaiting_response,2,member3,user1
1580,D,E1,2025-01-03 22:17:00 UTC,assigned,4,member2,user2
1581,A,E1,2025-01-14 15:52:00 UTC,closed,5,member2,user1
1582,C,E1,2024-12-23 15:30:00 UTC,closed,7,member3,user3
1583,A,B1,2025-01-16 00:57:00 UTC,awaiting_response,8,member4,user4
1584,B,A1,2025-01-11 14:15:00 UTC,awaiting_response,8,member2,user2
1585,D,F1,2025-01-02 02:45:00 UTC,assigned,7,member3,user1
1586,C,F1,2025-01-10 15:32:00 UTC,awaiting_response,4,member3,user2
1587,C,C1,2025-01-12 11:56:00 UTC,awaiting_response,1,member2,user4
1588,D,E1,2025-01-03 18:51:00 UTC,awaiting_response,6,member2,user3
1589,A,F1,2025-01-14 01:32:00 UTC,assigned,8,member1,user2
1590,A,C1,2025-01-02 01:17:00 UTC,closed,4,member1,user3
1591,B,D1,2024-12-22 05:33:00 UTC,assigned,1,member4,user1
1592,D,F1,2025-01-16 12:24:00 UTC,assigned,4,member1,user3
1593,B,E1,2024-12-24 00:59:00 UTC,assigned,8,member1,user4
1594,D,A1,2024-12-21 00:51:00 UTC,assigned,3,member3,user4
1595,D,F1,2025-01-04 23:20:00 UTC,assigned,5,member2,user2
1596,E,E1,2025-01-18 11:34:00 UTC,assigned,1,member2,user3
1597,E,D1,2025-01-12 01:59:00 UTC,assigned,7,member1,user4
1598,A,B1,2025-01-14 16:13:00 UTC,assigned,6,member1,user1
1599,D,B1,2025-01-02 14:29:00 UTC,assigned,4,member2,user3
1600,D,F1,2025-01-08 16:10:00 UTC,closed,3,member3,user4
1601,A,A1,2025-01-15 00:25:00 UTC,awaiting_response,2,member4,user3
1602,C,B1,2025-01-12 06:46:00 UTC,awaiting_response,5,member3,user1
1603,E,C1,2025-01-01 11:45:00 UTC,assigned,8,member4,user3
1604,C,C1,2025-01-06 17:56:00 UTC,awaiting_response,5,member4,user2
1605,A,D1,2025-01-13 23:09:00 UTC,assigned,5,member1,user1
1606,A,A1,2024-12-22 00:54:00 UTC,awaiting_response,1,member4,user4
1607,C,F1,2025-01-06 03:44:00 UTC,closed,1,member3,user3
1608,E,B1,2025-01-15 07:58:00 UTC,closed,8,member3,user1
1609,C,F1,2024-12-30 05:12:00 UTC,closed,5,member1,user2
1610,D,C1,2024-12-20 23:39:00 UTC,assigned,1,member4,user2
1611,E,F1,2024-12-28 13:54:00 UTC,closed,6,member3,user3
1612,E,B1,2025-01-08 21:15:00 UTC,awaiting_response,6,member1,user3
1613,B,B1,2025-01-14 20:17:00 UTC,assigned,1,member2,user2
1614,D,A1,2025-01-02 16:38:00 UTC,awaiting_response,4,member4,user2
1615,A,F1,2025-01-12 03:30:00 UTC,closed,7,member3,user4
1616,C,C1,2025-01-19 07:19:00 UTC,awaiting_response,4,member1,user1
1617,B,C1,2025-01-16 15:39:00 UTC,awaiting_response,3,member4,user4
1618,C,F1,2025-01-19 02:23:00 UTC,assigned,8,member4,user2
1619,A,F1,2025-01-04 16:06:00 UTC,closed,4,member4,user3
1620,E,B1,2024-12-25 05:53:00 UTC,assigned,3,member2,user1
1621,B,B1,2024-12-26 00:40:00 UTC,awaiting_response,1,member2,user3
1622,A,E1,2025-01-11 04:25:00 UTC,assigned,4,member3,user1
1623,C,A1,2025-01-15 19:27:00 UTC,awaiting_response,6,member2,user4
1624,B,B1,2025-01-02 08:28:00 UTC,assigned,3,member2,user4
1625,C,E1,2025-01-07 04:17:00 UTC,closed,2,member2,user1
1626,B,F1,2024-12-29 03:11:00 UTC,assigned,3,member4,user1
1627,E,B1,2024-12-31 15:48:00 UTC,assigned,1,member4,user3
1628,C,E1,2024-12-31 15:03:00 UTC,assigned,5,member3,user2
1629,D,A1,2025-01-18 03:47:00 UTC,closed,2,member3,user4
1630,E,A1,2024-12-28 11:16:00 UTC,assigned,6,member4,user4
1631,D,A1,2025-01-15 15:23:00 UTC,awaiting_response,6,member1,user1
1632,C,B1,2024-12-22 10:14:00 UTC,closed,4,member2,user2
1633,B,E1,2024-12-27 12:49:00 UTC,awaiting_response,2,member4,user1
1634,C,D1,2025-01-01 17:39:00 UTC,awaiting_response,5,member1,user3
1635,D,B1,2024-12-23 12:45:00 UTC,assigned,4,member4,user2
1636,C,E1,2024-12-27 14:15:00 UTC,awaiting_response,7,member3,user1
1637,A,D1,2025-01-07 15:55:00 UTC,awaiting_response,5,member4,user1
1638,C,F1,2025-01-06 15:09:00 UTC,awaiting_response,6,member2,user1
1639,D,A1,2025-01-10 21:35:00 UTC,closed,1,member3,user3
1640,D,B1,2025-01-05 21:02:00 UTC,closed,7,member2,user2
1641,C,C1,2025-01-17 04:49:00 UTC,closed,8,member2,user1
1642,A,F1,2025-01-04 09:31:00 UTC,assigned,4,member2,user4
1643,B,C1,2025-01-09 07:43:00 UTC,closed,5,member1,user3
1644,E,C1,2025-01-03 12:23:00 UTC,awaiting_response,6,member1,user1
1645,C,A1,2025-01-04 07:29:00 UTC,assigned,5,member3,user1
1646,D,C1,2025-01-15 14:52:00 UTC,closed,6,member1,user2
1647,C,E1,2025-01-10 06:16:00 UTC,awaiting_response,7,member2,user1
1648,A,C1,2025-01-08 18:15:00 UTC,closed,6,member4,user1
1649,A,E1,2024-12-22 03:14:00 UTC,assigned,4,member2,user1
1650,D,C1,2024-12-25 03:25:00 UTC,awaiting_response,1,member1,user2
1651,B,F1,2024-12-26 10:48:00 UTC,assigned,7,member3,user3
1652,C,A1,2024-12-28 21:06:00 UTC,awaiting_response,5,member2,user1
1653,A,F1,2025-01-12 14:38:00 UTC,assigned,7,member2,user2
1654,D,F1,2024-12-29 21:23:00 UTC,awaiting_response,5,member3,user3
1655,C,D1,2024-12-29 18:25:00 UTC,assigned,7,member2,user1
1656,E,E1,2025-01-09 02:33:00 UTC,awaiting_response,3,member1,user3
1657,D,D1,2024-12-30 23:21:00 UTC,assigned,2,member3,user2
1658,D,A1,2025-01-09 02:43:00 UTC,assigned,1,member4,user4
1659,D,A1,2025-01-12 12:26:00 UTC,awaiting_response,1,member3,user4
1660,D,A1,2025-01-10 12:59:00 UTC,closed,8,member3,user2
1661,C,A1,2025-01-07 01:18:00 UTC,awaiting_response,8,member2,user3
1662,C,A1,2024-12-29 15:17:00 UTC,closed,1,member4,user4
1663,C,F1,2025-01-13 12:11:00 UTC,awaiting_response,2,member3,user1
1664,A,A1,2024-12-23 01:40:00 UTC,awaiting_response,1,member3,user3
1665,D,E1,2025-01-13 08:55:00 UTC,awaiting_response,8,member4,user3
1666,A,C1,2024-12-29 00:05:00 UTC,awaiting_response,4,member2,user1
1667,B,E1,2024-12-27 21:42:00 UTC,awaiting_response,1,member1,user4
1668,E,E1,2025-01-11 12:35:00 UTC,closed,5,member1,user1
1669,C,C1,2025-01-11 02:08:00 UTC,assigned,2,member3,user2
1670,A,D1,2025-01-09 04:28:00 UTC,awaiting_response,5,member3,user2
1671,C,D1,2025-01-02 11:40:00 UTC,closed,5,member3,user4
1672,D,B1,2024-12-31 22:14:00 UTC,assigned,7,member1,user2
1673,C,B1,2024-12-27 15:52:00 UTC,assigned,6,member4,user4
1674,B,D1,2025-01-10 05:45:00 UTC,awaiting_response,3,member1,user3
1675,E,E1,2025-01-18 03:12:00 UTC,awaiting_response,3,member1,user2
1676,C,D1,2025-01-06 21:28:00 UTC,assigned,2,member3,user4
1677,C,C1,2025-01-09 02:56:00 UTC,awaiting_response,3,member2,user2
1678,E,E1,2024-12-29 01:12:00 UTC,closed,7,member3,user2
1679,A,E1,2025-01-05 11:43:00 UTC,awaiting_response,1,member3,user4
1680,B,D1,2025-01-14 09:11:00 UTC,closed,6,member2,user3
1681,A,A1,2025-01-08 16:05:00 UTC,closed,6,member1,user4
1682,D,A1,2025-01-17 18:01:00 UTC,closed,8,member3,user4
1683,C,E1,2025-01-07 07:47:00 UTC,closed,6,member2,user2
1684,A,C1,2025-01-18 19:43:00 UTC,assigned,2,member2,user1
1685,C,F1,2025-01-08 04:24:00 UTC,closed,6,member2,user4
1686,C,F1,2024-12-21 17:59:00 UTC,closed,5,member3,user3
1687,C,A1,2025-01-05 09:15:00 UTC,awaiting_response,6,member3,user3
1688,D,F1,2024-12-25 08:46:00 UTC,closed,4,member3,user1
1689,C,E1,2024-12-30 02:44:00 UTC,assigned,8,member1,user1
1690,A,D1,2024-12-25 19:10:00 UTC,assigned,2,member1,user3
1691,B,F1,2025-01-10 18:00:00 UTC,awaiting_response,2,member4,user3
1692,C,D1,2025-01-16 04:10:00 UTC,closed,2,member3,user2
1693,B,B1,2025-01-09 02:14:00 UTC,awaiting_response,6,member3,user4
1694,E,C1,2025-01-08 06:23:00 UTC,awaiting_response,8,member4,user2
1695,A,C1,2025-01-14 08:58:00 UTC,awaiting_response,3,member4,user3
1696,D,C1,2025-01-17 17:35:00 UTC,awaiting_response,1,member2,user1
1697,E,F1,2025-01-16 15:20:00 UTC,assigned,5,member1,user3
1698,A,F1,2025-01-17 01:22:00 UTC,awaiting_response,3,member2,user3
1699,D,E1,2025-01-14 05:51:00 UTC,closed,1,member4,user2
1700,D,C1,2025-01-02 18:05:00 UTC,awaiting_response,1,member3,user2
1701,A,A1,2024-12-29 00:16:00 UTC,awaiting_response,3,member4,user2
1702,B,C1,2024-12-24 16:35:00 UTC,assigned,1,member4,user2
1703,B,A1,2025-01-17 01:02:00 UTC,assigned,5,member4,user4
1704,A,B1,2025-01-14 20:35:00 UTC,awaiting_response,6,member2,user1
1705,E,D1,2024-12-22 05:29:00 UTC,awaiting_response,5,member3,user2
1706,D,E1,2024-12-27 20:20:00 UTC,assigned,5,member3,user2
1707,E,F1,2024-12-22 11:54:00 UTC,closed,7,member2,user4
1708,A,C1,2025-01-07 08:16:00 UTC,closed,6,member3,user3
1709,B,A1,2024-12-25 00:01:00 UTC,closed,5,member2,user2
1710,B,B1,2025-01-05 14:34:00 UTC,closed,5,member4,user2
1711,C,D1,2024-12-29 19:25:00 UTC,closed,2,member3,user1
1712,B,D1,2024-12-22 10:23:00 UTC,assigned,4,member1,user4
1713,C,B1,2024-12-28 21:55:00 UTC,awaiting_response,8,member3,user1
1714,D,D1,2024-12-23 12:41:00 UTC,assigned,1,member1,user2
1715,D,C1,2024-12-28 23:50:00 UTC,closed,1,member4,user3
1716,B,E1,2025-01-12 13:16:00 UTC,assigned,8,member1,user4
1717,B,E1,2025-01-04 10:41:00 UTC,awaiting_response,2,member1,user4
1718,B,B1,2025-01-15 00:09:00 UTC,assigned,6,member1,user2
1719,A,F1,2025-01-17 07:27:00 UTC,awaiting_response,3,member4,user4
1720,D,D1,2024-12-23 02:35:00 UTC,closed,8,member1,user4
1721,B,E1,2025-01-10 18:47:00 UTC,assigned,8,member1,user4
1722,E,D1,2025-01-05 04:33:00 UTC,closed,6,member4,user1
1723,B,A1,2025-01-10 23:39:00 UTC,closed,7,member1,user3
1724,E,A1,2025-01-08 22:17:00 UTC,awaiting_response,5,member2,user4
1725,E,D1,2025-01-17 15:44:00 UTC,assigned,4,member4,user3
1726,B,A1,2025-01-14 01:58:00 UTC,closed,8,member4,user1
1727,B,D1,2024-12-26 18:22:00 UTC,awaiting_response,5,member1,user3
1728,D,B1,2024-12-24 08:53:00 UTC,assigned,8,member3,user2
1729,B,F1,2025-01-06 11:48:00 UTC,assigned,1,member2,user2
1730,E,F1,2024-12-23 21:28:00 UTC,awaiting_response,6,member2,user2
1731,C,F1,2025-01-09 23:54:00 UTC,awaiting_response,2,member3,user3
1732,D,F1,2024-12-25 12:38:00 UTC,awaiting_response,7,member4,user4
1733,D,A1,2025-01-17 21:35:00 UTC,awaiting_response,3,member2,user2
1734,B,D1,2024-12-23 23:31:00 UTC,assigned,2,member3,user2
1735,B,C1,2024-12-31 20:58:00 UTC,assigned,3,member1,user2
1736,E,A1,2025-01-18 07:49:00 UTC,closed,2,member4,user2
1737,C,A1,2024-12-31 18:44:00 UTC,assigned,6,member1,user4
1738,E,A1,2025-01-10 02:07:00 UTC,awaiting_response,3,member1,user2
1739,E,F1,2024-12-28 08:57:00 UTC,closed,4,member3,user1
1740,C,F1,2024-12-30 18:28:00 UTC,awaiting_response,7,member3,user4
1741,C,E1,2024-12-21 08:52:00 UTC,awaiting_response,6,member2,user3
1742,B,F1,2024-12-26 16:08:00 UTC,awaiting_response,4,member1,user2
1743,B,E1,2025-01-05 09:39:00 UTC,assigned,2,member4,user4
1744,B,B1,2025-01-04 08:28:00 UTC,closed,2,member3,user4
1745,A,D1,2025-01-08 15:55:00 UTC,assigned,2,member4,user4
1746,D,E1,2025-01-12 18:52:00 UTC,assigned,6,member2,user2
1747,C,D1,2025-01-17 13:24:00 UTC,awaiting_response,6,member2,user2
1748,A,B1,2025-01-15 21:42:00 UTC,closed,4,member1,user3
1749,B,D1,2025-01-13 15:47:00 UTC,awaiting_response,2,member4,user4
1750,A,F1,2025-01-19 02:17:00 UTC,assigned,3,member2,user2
1751,C,B1,2025-01-07 03:53:00 UTC,awaiting_response,3,member1,user4
1752,C,F1,2025-01-14 13:22:00 UTC,assigned,2,member2,user2
1753,C,C1,2025-01-13 12:05:00 UTC,closed,4,member2,user2
1754,C,B1,2025-01-08 12:48:00 UTC,assigned,4,member1,user4
1755,C,B1,2025-01-12 07:44:00 UTC,closed,7,member3,user1
1756,D,F1,2025-01-13 01:11:00 UTC,awaiting_response,1,member1,user3
1757,E,F1,2025-01-04 14:11:00 UTC,closed,3,member1,user1
1758,C,D1,2025-01-16 14:43:00 UTC,assigned,8,member4,user3
1759,B,C1,2025-01-16 08:38:00 UTC,assigned,8,member1,user1
1760,D,A1,2025-01-08 19:36:00 UTC,assigned,8,member2,user1
1761,B,D1,2024-12-23 18:49:00 UTC,closed,8,member1,user4
1762,A,D1,2024-12-30 07:29:00 UTC,awaiting_response,7,member4,user1
1763,B,D1,2025-01-01 09:29:00 UTC,awaiting_response,7,member4,user2
1764,E,D1,2025-01-07 08:39:00 UTC,closed,6,member3,user3
1765,E,A1,2025-01-17 15:17:00 UTC,awaiting_response,7,member3,user1
1766,D,A1,2025-01-08 17:52:00 UTC,assigned,6,member1,user3
1767,B,C1,2025-01-09 02:13:00 UTC,assigned,8,member3,user1
1768,E,A1,2025-01-02 01:08:00 UTC,awaiting_response,5,member2,user3
1769,D,F1,2024-12-23 22:32:00 UTC,assigned,4,member3,user2
1770,E,A1,2025-01-12 01:00:00 UTC,awaiting_response,2,member1,user4
1771,B,A1,2025-01-04 22:06:00 UTC,awaiting_response,4,member1,user2
1772,C,B1,2024-12-31 03:23:00 UTC,awaiting_response,7,member3,user4
1773,D,F1,2025-01-01 00:28:00 UTC,closed,3,member1,user4
1774,A,C1,2025-01-16 08:17:00 UTC,assigned,4,member4,user2
1775,B,B1,2024-12-23 11:23:00 UTC,awaiting_response,5,member1,user3
1776,C,D1,2025-01-04 18:28:00 UTC,awaiting_response,3,member4,user4
1777,A,E1,2025-01-15 02:09:00 UTC,assigned,3,member1,user1
1778,A,F1,2024-12-30 07:05:00 UTC,assigned,3,member4,user3
1779,D,F1,2024-12-27 21:13:00 UTC,closed,4,member2,user1
1780,E,F1,2025-01-16 23:52:00 UTC,closed,5,member2,user4
1781,E,E1,2025-01-14 06:13:00 UTC,closed,1,member3,user1
1782,B,D1,2025-01-08 17:02:00 UTC,closed,8,member2,user1
1783,D,E1,2024-12-27 12:17:00 UTC,assigned,6,member3,user4
1784,C,E1,2024-12-30 12:03:00 UTC,closed,2,member1,user3
1785,E,F1,2025-01-10 23:16:00 UTC,closed,7,member2,user2
1786,A,D1,2025-01-02 05:28:00 UTC,awaiting_response,4,member1,user1
1787,B,A1,2025-01-06 14:25:00 UTC,assigned,2,member1,user4
1788,D,A1,2025-01-16 20:26:00 UTC,closed,7,member4,user3
1789,B,D1,2024-12-27 10:41:00 UTC,awaiting_response,6,member4,user4
1790,B,C1,2025-01-14 08:06:00 UTC,assigned,2,member3,user2
1791,E,F1,2024-12-25 21:30:00 UTC,awaiting_response,7,member2,user2
1792,B,F1,2024-12-28 00:54:00 UTC,awaiting_response,8,member2,user1
1793,A,C1,2025-01-16 03:03:00 UTC,closed,5,member4,user3
1794,A,D1,2025-01-10 00:57:00 UTC,closed,5,member1,user1
1795,E,A1,2025-01-03 02:10:00 UTC,awaiting_response,2,member2,user2
1796,A,B1,2025-01-18 23:30:00 UTC,closed,4,member2,user1
1797,D,E1,2024-12-23 00:35:00 UTC,assigned,5,member3,user3
1798,B,B1,2025-01-05 10:00:00 UTC,assigned,8,member1,user3
1799,C,C1,2025-01-03 01:55:00 UTC,closed,4,member1,user2
1800,D,F1,2025-01-07 05:53:00 UTC,assigned,8,member1,user3
1801,A,F1,2024-12-20 17:38:00 UTC,assigned,4,member1,user3
1802,A,B1,2025-01-19 00:00:00 UTC,awaiting_response,7,member4,user4
1803,D,F1,2024-12-21 20:48:00 UTC,assigned,5,member3,user4
1804,C,C1,2025-01-03 02:05:00 UTC,assigned,2,member3,user4
1805,B,E1,2025-01-12 09:07:00 UTC,awaiting_response,4,member4,user4
1806,E,A1,2025-01-02 16:00:00 UTC,closed,2,member4,user1
1807,E,D1,2025-01-16 03:55:00 UTC,closed,5,member1,user2
1808,E,F1,2025-01-05 04:59:00 UTC,assigned,6,member1,user2
1809,A,A1,2025-01-11 06:12:00 UTC,closed,4,member2,user1
1810,E,E1,2025-01-10 03:58:00 UTC,assigned,8,member1,user3
1811,B,B1,2025-01-01 03:14:00 UTC,closed,3,member3,user3
1812,E,E1,2025-01-19 10:34:00 UTC,awaiting_response,4,member3,user3
1813,D,B1,2025-01-10 17:47:00 UTC,assigned,4,member2,user2
1814,E,A1,2024-12-21 05:48:00 UTC,awaiting_response,8,member1,user3
1815,B,B1,2025-01-04 12:59:00 UTC,closed,7,member4,user3
1816,A,F1,2024-12-26 21:33:00 UTC,closed,6,member4,user3
1817,A,F1,2024-12-26 02:11:00 UTC,awaiting_response,8,member2,user2
1818,A,B1,2024-12-28 14:56:00 UTC,closed,5,member4,user3
1819,B,C1,2024-12-30 15:16:00 UTC,assigned,1,member1,user2
1820,B,D1,2025-01-13 08:45:00 UTC,awaiting_response,2,member4,user2
1821,A,B1,2024-12-31 06:19:00 UTC,awaiting_response,6,member3,user1
1822,D,C1,2025-01-17 03:11:00 UTC,assigned,4,member1,user1
1823,D,B1,2025-01-15 04:41:00 UTC,closed,6,member1,user1
1824,A,B1,2025-01-08 12:40:00 UTC,closed,4,member2,user1
1825,A,E1,2024-12-21 07:20:00 UTC,assigned,7,member1,user4
1826,A,C1,2025-01-16 18:19:00 UTC,awaiting_response,7,member4,user4
1827,D,D1,2025-01-04 22:18:00 UTC,closed,4,member4,user1
1828,E,E1,2025-01-01 17:22:00 UTC,assigned,8,member2,user1
1829,A,B1,2024-12-28 06:20:00 UTC,closed,8,member1,user3
1830,D,B1,2024-12-31 13:39:00 UTC,awaiting_response,1,member1,user3
1831,A,B1,2025-01-05 20:41:00 UTC,awaiting_response,3,member1,user1
1832,E,E1,2025-01-01 02:35:00 UTC,assigned,2,member3,user3
1833,C,F1,2025-01-12 22:03:00 UTC,closed,8,member4,user3
1834,C,A1,2024-12-29 13:40:00 UTC,closed,8,member3,user1
1835,B,B1,2024-12-23 02:42:00 UTC,assigned,8,member3,user3
1836,E,D1,2024-12-28 02:31:00 UTC,awaiting_response,5,member1,user3
1837,C,B1,2025-01-11 19:10:00 UTC,closed,3,member2,user2
1838,E,C1,2024-12-27 07:31:00 UTC,assigned,5,member2,user1
1839,A,D1,2024-12-25 21:01:00 UTC,assigned,8,member4,user3
1840,D,B1,2025-01-08 05:27:00 UTC,assigned,1,member2,user1
1841,B,D1,2025-01-17 20:45:00 UTC,awaiting_response,3,member4,user2
1842,E,C1,2025-01-10 07:03:00 UTC,assigned,7,member2,user3
1843,C,F1,2024-12-28 14:55:00 UTC,closed,5,member3,user2
1844,B,F1,2025-01-09 05:26:00 UTC,awaiting_response,3,member3,user2
1845,D,C1,2024-12-28 14:30:00 UTC,assigned,7,member4,user1
1846,C,B1,2025-01-06 22:37:00 UTC,awaiting_response,3,member2,user1
1847,A,E1,2025-01-11 08:19:00 UTC,assigned,8,member3,user1
1848,C,F1,2025-01-05 01:44:00 UTC,assigned,1,member2,user2
1849,E,A1,2025-01-01 10:18:00 UTC,closed,3,member1,user1
1850,D,C1,2025-01-07 16:49:00 UTC,awaiting_response,1,member1,user2
1851,E,E1,2025-01-14 12:26:00 UTC,assigned,7,member2,user4
1852,B,D1,2025-01-01 22:54:00 UTC,closed,8,member2,user1
1853,D,A1,2025-01-09 23:12:00 UTC,awaiting_response,5,member2,user3
1854,B,C1,2025-01-12 21:48:00 UTC,closed,2,member4,user2
1855,B,E1,2025-01-05 10:06:00 UTC,awaiting_response,6,member2,user4
1856,A,C1,2024-12-23 18:01:00 UTC,closed,4,member2,user2
1857,B,F1,2024-12-23 12:53:00 UTC,assigned,3,member2,user4
1858,B,A1,2024-12-26 15:44:00 UTC,awaiting_response,5,member1,user1
1859,C,E1,2025-01-14 19:37:00 UTC,awaiting_response,2,member3,user3
1860,E,B1,2025-01-15 00:08:00 UTC,closed,7,member4,user2
1861,B,C1,2025-01-06 21:27:00 UTC,awaiting_response,7,member1,user1
1862,C,F1,2025-01-13 11:28:00 UTC,awaiting_response,6,member1,user1
1863,E,E1,2025-01-18 03:03:00 UTC,awaiting_response,1,member3,user3
1864,A,F1,2024-12-30 09:32:00 UTC,awaiting_response,7,member4,user1
1865,D,F1,2024-12-23 05:50:00 UTC,closed,7,member3,user4
1866,E,B1,2025-01-18 18:14:00 UTC,closed,3,member3,user2
1867,A,E1,2024-12-26 06:12:00 UTC,awaiting_response,4,member1,user1
1868,A,F1,2025-01-01 17:48:00 UTC,closed,1,member1,user3
1869,C,D1,2025-01-17 08:42:00 UTC,assigned,1,member2,user3
1870,C,C1,2025-01-14 21:29:00 UTC,awaiting_response,8,member4,user2
1871,B,E1,2025-01-06 20:55:00 UTC,closed,1,member3,user3
1872,C,B1,2025-01-14 03:42:00 UTC,awaiting_response,8,member3,user2
1873,B,E1,2024-12-23 03:27:00 UTC,closed,6,member2,user3
1874,B,A1,2025-01-10 03:38:00 UTC,closed,7,member1,user2
1875,D,F1,2025-01-15 20:53:00 UTC,awaiting_response,7,member2,user3
1876,E,C1,2025-01-18 19:18:00 UTC,awaiting_response,6,member4,user2
1877,D,A1,2025-01-07 08:04:00 UTC,closed,6,member1,user2
1878,A,F1,2025-01-03 18:34:00 UTC,assigned,6,member4,user4
1879,A,F1,2024-12-20 16:24:00 UTC,awaiting_response,8,member1,user1
1880,E,F1,2024-12-26 08:46:00 UTC,awaiting_response,4,member2,user1
1881,A,B1,2024-12-23 10:07:00 UTC,closed,3,member2,user3
1882,B,C1,2025-01-11 06:17:00 UTC,closed,2,member3,user3
1883,D,B1,2025-01-06 15:31:00 UTC,assigned,3,member1,user1
1884,D,F1,2024-12-25 15:44:00 UTC,awaiting_response,2,member2,user2
1885,B,D1,2024-12-31 02:00:00 UTC,assigned,8,member3,user1
1886,A,E1,2024-12-28 18:50:00 UTC,assigned,6,member3,user1
1887,C,A1,2025-01-11 23:26:00 UTC,awaiting_response,8,member2,user3
1888,D,F1,2025-01-10 03:09:00 UTC,awaiting_response,2,member3,user4
1889,D,D1,2025-01-07 14:44:00 UTC,closed,1,member3,user1
1890,A,B1,2025-01-11 22:54:00 UTC,closed,8,member1,user3
1891,B,A1,2024-12-27 19:18:00 UTC,closed,7,member1,user1
1892,A,E1,2025-01-08 21:52:00 UTC,awaiting_response,7,member2,user1
1893,B,D1,2025-01-02 11:23:00 UTC,assigned,8,member2,user4
1894,A,B1,2025-01-01 19:25:00 UTC,awaiting_response,5,member3,user4
1895,B,B1,2025-01-12 03:44:00 UTC,assigned,6,member4,user2
1896,D,E1,2025-01-07 09:28:00 UTC,awaiting_response,2,member2,user3
1897,B,D1,2025-01-03 17:32:00 UTC,closed,1,member2,user4
1898,A,F1,2024-12-23 09:51:00 UTC,awaiting_response,2,member4,user2
1899,C,D1,2025-01-03 13:06:00 UTC,closed,5,member2,user1
1900,B,A1,2024-12-28 04:31:00 UTC,assigned,3,member2,user1
1901,E,F1,2025-01-12 22:22:00 UTC,awaiting_response,5,member4,user4
1902,A,D1,2025-01-02 21:03:00 UTC,closed,8,member4,user3
1903,A,F1,2024-12-26 05:20:00 UTC,assigned,5,member1,user3
1904,B,E1,2024-12-24 20:20:00 UTC,assigned,4,member3,user4
1905,A,C1,2025-01-18 09:58:00 UTC,awaiting_response,7,member3,user3
1906,E,B1,2025-01-15 05:21:00 UTC,closed,2,member3,user3
1907,E,B1,2024-12-31 22:46:00 UTC,assigned,1,member3,user1
1908,A,C1,2025-01-15 21:54:00 UTC,awaiting_response,1,member4,user4
1909,E,E1,2024-12-22 20:47:00 UTC,closed,7,member2,user1
1910,C,F1,2025-01-01 21:17:00 UTC,closed,5,member4,user2
1911,B,D1,2025-01-02 19:14:00 UTC,assigned,4,member4,user1
1912,C,D1,2025-01-16 07:49:00 UTC,assigned,6,member1,user2
1913,E,F1,2024-12-22 09:04:00 UTC,closed,3,member4,user1
1914,B,F1,2024-12-21 08:20:00 UTC,assigned,4,member1,user3
1915,E,C1,2024-12-29 01:04:00 UTC,awaiting_response,3,member2,user2
1916,B,D1,2024-12-25 08:49:00 UTC,awaiting_response,8,member1,user4
1917,B,D1,2024-12-31 09:25:00 UTC,awaiting_response,6,member3,user1
1918,C,E1,2025-01-18 03:38:00 UTC,assigned,8,member3,user3
1919,E,F1,2025-01-09 00:28:00 UTC,awaiting_response,6,member1,user1
1920,A,D1,2025-01-12 21:07:00 UTC,awaiting_response,8,member1,user1
1921,D,C1,2025-01-01 06:18:00 UTC,closed,4,member2,user2
1922,B,C1,2025-01-16 10:28:00 UTC,awaiting_response,5,member3,user3
1923,B,D1,2024-12-26 00:59:00 UTC,closed,8,member2,user4
1924,E,C1,2024-12-21 18:18:00 UTC,closed,5,member2,user4
1925,A,D1,2025-01-18 23:20:00 UTC,closed,2,member3,user4
1926,C,C1,2025-01-03 06:48:00 UTC,awaiting_response,3,member4,user1
1927,C,D1,2025-01-13 04:32:00 UTC,closed,1,member1,user4
1928,D,B1,2024-12-24 18:08:00 UTC,assigned,8,member1,user2
1929,E,F1,2025-01-10 21:39:00 UTC,assigned,2,member2,user3
1930,A,F1,2025-01-14 00:37:00 UTC,closed,5,member1,user2
1931,E,F1,2024-12-22 00:37:00 UTC,assigned,3,member3,user3
1932,D,F1,2025-01-13 22:57:00 UTC,closed,6,member3,user4
1933,B,A1,2025-01-13 01:52:00 UTC,assigned,5,member2,user1
1934,E,F1,2024-12-20 20:16:00 UTC,closed,1,member2,user2
1935,A,F1,2025-01-16 13:16:00 UTC,closed,2,member2,user3
1936,A,B1,2025-01-16 04:11:00 UTC,awaiting_response,6,member2,user2
1937,B,B1,2025-01-08 16:38:00 UTC,assigned,7,member2,user1
1938,C,D1,2024-12-22 18:36:00 UTC,closed,6,member2,user2
1939,C,B1,2025-01-02 09:31:00 UTC,awaiting_response,7,member3,user3
1940,E,F1,2025-01-01 01:58:00 UTC,awaiting_response,3,member4,user4
1941,C,D1,2024-12-24 18:45:00 UTC,awaiting_response,5,member1,user4
1942,C,C1,2024-12-30 19:25:00 UTC,closed,8,member4,user1
1943,A,A1,2025-01-08 21:55:00 UTC,awaiting_response,2,member2,user3
1944,B,E1,2025-01-16 15:27:00 UTC,assigned,2,member2,user4
1945,C,B1,2024-12-26 13:36:00 UTC,assigned,8,member4,user3
1946,D,C1,2025-01-14 18:23:00 UTC,awaiting_response,1,member2,user2
1947,B,C1,2024-12-24 00:49:00 UTC,awaiting_response,1,member3,user1
1948,A,D1,2025-01-12 18:37:00 UTC,awaiting_response,5,member2,user4
1949,D,F1,2025-01-05 10:47:00 UTC,closed,7,member3,user4
1950,C,D1,2024-12-28 17:21:00 UTC,closed,7,member3,user1
1951,B,E1,2025-01-09 12:32:00 UTC,assigned,4,member1,user2
1952,E,D1,2025-01-01 06:05:00 UTC,closed,4,member2,user3
1953,C,C1,2025-01-19 00:27:00 UTC,awaiting_response,6,member3,user3
1954,B,E1,2025-01-07 13:53:00 UTC,assigned,1,member4,user1
1955,A,B1,2025-01-14 04:23:00 UTC,awaiting_response,4,member3,user3
1956,B,F1,2025-01-16 06:22:00 UTC,assigned,5,member2,user3
1957,E,A1,2025-01-17 08:21:00 UTC,awaiting_response,3,member2,user1
1958,B,D1,2025-01-05 20:13:00 UTC,awaiting_response,5,member3,user3
1959,E,E1,2025-01-11 02:13:00 UTC,assigned,4,member3,user3
1960,A,C1,2025-01-11 19:08:00 UTC,awaiting_response,5,member2,user2
1961,D,F1,2024-12-24 03:49:00 UTC,closed,8,member2,user3
1962,C,C1,2025-01-12 19:46:00 UTC,assigned,5,member4,user1
1963,A,E1,2025-01-14 04:17:00 UTC,awaiting_response,3,member4,user2
1964,B,B1,2024-12-27 18:34:00 UTC,awaiting_response,5,member3,user1
1965,A,F1,2025-01-05 09:32:00 UTC,closed,5,member1,user4
1966,E,A1,2025-01-05 07:47:00 UTC,assigned,8,member2,user4
1967,A,E1,2024-12-30 07:14:00 UTC,assigned,8,member2,user2
1968,D,A1,2025-01-06 06:16:00 UTC,awaiting_response,2,member2,user3
1969,A,B1,2025-01-10 10:29:00 UTC,assigned,1,member3,user3
1970,D,A1,2024-12-20 19:56:00 UTC,assigned,6,member1,user1
1971,D,F1,2025-01-06 02:35:00 UTC,assigned,7,member2,user4
1972,D,F1,2025-01-12 01:46:00 UTC,assigned,3,member4,user1
1973,A,A1,2024-12-26 10:09:00 UTC,assigned,3,member4,user1
1974,B,D1,2025-01-03 15:13:00 UTC,assigned,3,member4,user3
1975,B,F1,2025-01-11 23:49:00 UTC,awaiting_response,5,member4,user4
1976,E,B1,2025-01-03 10:19:00 UTC,assigned,1,member3,user2
1977,B,D1,2024-12-24 15:51:00 UTC,awaiting_response,5,member4,user2
1978,A,F1,2025-01-05 15:39:00 UTC,assigned,6,member4,user1
1979,C,E1,2025-01-12 16:09:00 UTC,closed,1,member4,user1
1980,B,E1,2025-01-15 12:42:00 UTC,assigned,3,member3,user1
1981,A,A1,2025-01-10 18:25:00 UTC,closed,7,member3,user2
1982,C,B1,2025-01-04 20:41:00 UTC,assigned,5,member1,user3
1983,E,F1,2025-01-09 09:30:00 UTC,closed,4,member1,user1
1984,A,D1,2024-12-27 13:21:00 UTC,assigned,6,member4,user3
1985,A,F1,2024-12-24 04:45:00 UTC,closed,2,member4,user1
1986,D,E1,2024-12-23 16:32:00 UTC,closed,4,member1,user3
1987,B,A1,2025-01-15 11:02:00 UTC,assigned,7,member3,user2
1988,A,C1,2025-01-10 09:45:00 UTC,assigned,4,member1,user3
1989,A,D1,2025-01-17 18:11:00 UTC,awaiting_response,4,member1,user1
1990,A,B1,2024-12-30 10:56:00 UTC,awaiting_response,8,member2,user4
1991,A,C1,2025-01-18 07:41:00 UTC,closed,8,member4,user3
1992,C,C1,2025-01-10 05:54:00 UTC,assigned,4,member2,user2
1993,D,E1,2025-01-04 20:40:00 UTC,assigned,6,member1,user4
1994,E,B1,2025-01-09 20:33:00 UTC,closed,7,member2,user3
1995,C,D1,2025-01-04 14:28:00 UTC,closed,2,member4,user3
1996,A,F1,2025-01-14 21:38:00 UTC,awaiting_response,8,member2,user4
1997,B,A1,2025-01-15 02:16:00 UTC,closed,2,member4,user1
1998,C,A1,2025-01-14 22:20:00 UTC,assigned,3,member3,user4
1999,D,F1,2025-01-02 12:01:00 UTC,closed,5,member3,user1
